<?xml version="1.0" encoding="UTF-8"?>
<beans:beans
   xmlns="http://www.springframework.org/schema/mvc"
   xmlns:xsi="http://www.w3.org/2001/XMLSchema-instance"
   xmlns:beans="http://www.springframework.org/schema/beans"
   xmlns:context="http://www.springframework.org/schema/context"
   xmlns:mybatis-spring="http://mybatis.org/schema/mybatis-spring"
   xsi:schemaLocation="http://www.springframework.org/schema/mvc https://www.springframework.org/schema/mvc/spring-mvc.xsd
      http://mybatis.org/schema/mybatis-spring http://mybatis.org/schema/mybatis-spring-1.2.xsd
      http://www.springframework.org/schema/beans https://www.springframework.org/schema/beans/spring-beans.xsd
      http://www.springframework.org/schema/context https://www.springframework.org/schema/context/spring-context.xsd
      http://www.springframework.org/schema/aop http://www.springframework.org/schema/aop/spring-aop-4.2.xsd">

   <annotation-driven />

   <!-- MyBatis 설정 -->
   <beans:bean id="dataSource"
      class="org.apache.commons.dbcp.BasicDataSource" destroy-method="close">
      <beans:property name="driverClassName"
         value="org.mariadb.jdbc.Driver" />
      <beans:property name="url"
         value="jdbc:mariadb://localhost:3306/mood" />
      <beans:property name="username" value="root" />
      <beans:property name="password" value="1234" />
   </beans:bean>

   <beans:bean id="sqlSessionFactory"
      class="org.mybatis.spring.SqlSessionFactoryBean">
      <beans:property name="mapperLocations"
         value="classpath:/mappings/*.xml" />
      <beans:property name="dataSource" ref="dataSource" />
   </beans:bean>

   <beans:bean id="sqlSessionTemplate"
      class="org.mybatis.spring.SqlSessionTemplate">
      <beans:constructor-arg index="0"
         ref="sqlSessionFactory" />
   </beans:bean>

   <resources mapping="/resources/**" location="/resources/" />
   <resources mapping="**/resources/" location="/resources/" />


   <beans:bean
      class="org.springframework.web.servlet.view.InternalResourceViewResolver">
      <beans:property name="prefix" value="/WEB-INF/views/" />
      <beans:property name="suffix" value=".jsp" />
   </beans:bean>

   <interceptors>
      <interceptor>

        	<mapping path="/admin/**" />

         <beans:bean   class="kr.co.mood.interceptor.Interceptor" />
      </interceptor>
   </interceptors>

   <beans:bean id="multipartResolver"
      class="org.springframework.web.multipart.commons.CommonsMultipartResolver">
      <beans:property name="maxUploadSize" value="200000000" />
   </beans:bean>

	<beans:bean id="mailSender" class="org.springframework.mail.javamail.JavaMailSenderImpl"> 
     <beans:property name="host" value="smtp.naver.com"/> <!-- 메이서버 호스트 -->
     <beans:property name="port" value="587 "/> <!-- 메이서버 포트번호 -->
     <beans:property name="username" value="cwj9799@naver.com"/> <!-- 자신의 이메일 아이디 -->
     <beans:property name="password" value="choi023045"/> <!-- 자신의 비밀번호 -->
       <!-- 보안연결 SSL과 관련된 설정 -->
     <beans:property name="javaMailProperties">
      <beans:props>
      <beans:prop key="mail.smtp.auth">true</beans:prop>
      <beans:prop key="mail.smtp.starttls.enable">true</beans:prop>
      <beans:prop key="mail.smtps.checkserveridentity">true</beans:prop>
      <beans:prop key="mail.smtps.ssl.trust">*</beans:prop>
      <beans:prop key="mail.smtps.ssl.enable">true</beans:prop> 
      <beans:prop key="mail.smtp.ssl.protocols">TLSv1.2</beans:prop>
      <beans:prop key="mail.debug">true</beans:prop>
      <beans:prop key="mail.smtp.socketFactory.class">javax.net.ssl.SSLSocketFactory</beans:prop>
      </beans:props>
     </beans:property>
    </beans:bean>

   <context:component-scan base-package="kr.co.*" />
   <mybatis-spring:scan base-package="kr.co.mood.Payment.DAO" />

</beans:beans>