<?xml version="1.0" encoding="UTF-8"?>
<!DOCTYPE mapper
        PUBLIC "-//mybatis.org//DTD Mapper 3.0//EN"
        "http://mybatis.org/dtd/mybatis-3-mapper.dtd">


<mapper namespace="kr.co.mood.Payment.DAO.AdminPaymentDAO">

    <select id="getCategoryChart1" resultType="kr.co.mood.Payment.VO.AdminPaymentVO">
         SELECT pro_categoryserial as category, SUM(pro_paycount) as category_paycount FROM product group by pro_categoryserial order by SUM(pro_paycount) limit 0, 5
    </select>
    
    <select id="getCategoryChart2" resultType="kr.co.mood.Payment.VO.AdminPaymentVO">
         select pro_name, pro_bucketcount from product order by pro_bucketcount desc limit 0, 5
    </select>
    
    <!-- <select id="getCategoryChart3" resultType="kr.co.mood.Payment.VO.AdminPaymentVO">
         
    </select>
    
    <select id="getCategoryChart4" resultType="kr.co.mood.Payment.VO.AdminPaymentVO">
         
    </select>
     -->
</mapper>


